<?xml version="1.0" encoding="UTF-8"?>
<questestinterop>
    <objectbank ident="QLIB_53767" xmlns:d2l_2p0="http://desire2learn.com/xsd/d2lcp_v2p0">
        <section d2l_2p0:id="1" ident="SECT_1858833" title="BankTitle">
            <sectionproc_extension>
                <d2l_2p0:display_section_name>no</d2l_2p0:display_section_name>
                <d2l_2p0:display_section_line>no</d2l_2p0:display_section_line>
                <d2l_2p0:type_display_section>0</d2l_2p0:type_display_section>
            </sectionproc_extension>
            <item d2l_2p0:id="2" ident="BankGen_68676_Q_1_Id" label="BankGen_68676_Q_1_Label" d2l_2p0:page="1" title="BankTitle 1">
                <itemmetadata>
                    <qtimetadata>
                        <qti_metadatafield>
                            <fieldlabel>qmd_computerscored</fieldlabel>
                            <fieldentry>yes</fieldentry>
                        </qti_metadatafield>
                        <qti_metadatafield>
                            <fieldlabel>qmd_questiontype</fieldlabel>
                            <fieldentry>Fill in the Blanks</fieldentry>
                        </qti_metadatafield>
                        <qti_metadatafield>
                            <fieldlabel>qmd_weighting</fieldlabel>
                            <fieldentry>1.000000000</fieldentry>
                        </qti_metadatafield>
                        <qti_metadatafield>
                            <fieldlabel>qmd_globalid</fieldlabel>
                            <fieldentry>25fb18ef-2013-4926-80e3-af09764958c3</fieldentry>
                        </qti_metadatafield>
                        <qti_metadatafield>
                            <fieldlabel>qmd_displayid</fieldlabel>
                        </qti_metadatafield>
                    </qtimetadata>
                </itemmetadata>
                <itemproc_extension>
                    <d2l_2p0:difficulty>1</d2l_2p0:difficulty>
                    <d2l_2p0:isbonus>no</d2l_2p0:isbonus>
                    <d2l_2p0:ismandatory>no</d2l_2p0:ismandatory>
                </itemproc_extension>
                <presentation>
                    <flow>

                        <material>
                            <mattext texttype="text/html">&lt;h1&gt;hi&lt;/h1&gt;var a: 1, var b: 1, Text Above Blank 1</mattext>
                        </material>

                        <response_str ident="BankGen_68676_Q_1_Blank_1_STR" rcardinality="Single">
                            <render_fib rows="1" columns="10" prompt="Box" fibtype="String">
                                <response_label ident="BankGen_68676_Q_1_Blank_1_ANS" />
                            </render_fib>
                        </response_str>

                        <material>
                            <mattext texttype="text/html">var a: 1 Text Above Blank 2</mattext>
                        </material>

                        <response_str ident="BankGen_68676_Q_1_Blank_2_STR" rcardinality="Single">
                            <render_fib rows="1" columns="10" prompt="Box" fibtype="String">
                                <response_label ident="BankGen_68676_Q_1_Blank_2_ANS" />
                            </render_fib>
                        </response_str>

                        <material>
                            <mattext texttype="text/html">var b: 1, Text Above Blank 3</mattext>
                        </material>

                        <response_str ident="BankGen_68676_Q_1_Blank_3_STR" rcardinality="Single">
                            <render_fib rows="1" columns="10" prompt="Box" fibtype="String">
                                <response_label ident="BankGen_68676_Q_1_Blank_3_ANS" />
                            </render_fib>
                        </response_str>

                    </flow>
                </presentation>
                <resprocessing>
                    <outcomes>
                        <decvar vartype="Integer" minvalue="0" maxvalue="100" varname="Blank_1" />
                        <decvar vartype="Integer" minvalue="0" maxvalue="100" varname="Blank_2" />
                        <decvar vartype="Integer" minvalue="0" maxvalue="100" varname="Blank_3" />

                    </outcomes>
                    <respcondition>
                        <conditionvar>
                            <varequal respident="BankGen_68676_Q_1_Blank_1_ANS" case="no">^\s*(?:-[1-4]|[0-6])(?:\.\d*)?\s*$</varequal>
                            <var_extension>
                                <d2l_2p0:answer_is_regexp>yes</d2l_2p0:answer_is_regexp>
                            </var_extension>
                        </conditionvar>
                        <setvar action="Set">33.333333333</setvar>
                    </respcondition>
                    <respcondition>
                        <conditionvar>
                            <varequal respident="BankGen_68676_Q_1_Blank_2_ANS" case="no">^\s*(?:0\.[5-9]|1\.[0-5])\d*\s*$</varequal>
                            <var_extension>
                                <d2l_2p0:answer_is_regexp>yes</d2l_2p0:answer_is_regexp>
                            </var_extension>
                        </conditionvar>
                        <setvar action="Set">33.333333333</setvar>
                    </respcondition>
                    <respcondition>
                        <conditionvar>
                            <varequal respident="BankGen_68676_Q_1_Blank_3_ANS" case="no">1</varequal>
                        </conditionvar>
                        <setvar action="Set">33.333333333</setvar>
                    </respcondition>
                </resprocessing>
            </item>

            <item d2l_2p0:id="3" ident="BankGen_68676_Q_2_Id" label="BankGen_68676_Q_2_Label" d2l_2p0:page="1" title="BankTitle 2">
                <itemmetadata>
                    <qtimetadata>
                        <qti_metadatafield>
                            <fieldlabel>qmd_computerscored</fieldlabel>
                            <fieldentry>yes</fieldentry>
                        </qti_metadatafield>
                        <qti_metadatafield>
                            <fieldlabel>qmd_questiontype</fieldlabel>
                            <fieldentry>Fill in the Blanks</fieldentry>
                        </qti_metadatafield>
                        <qti_metadatafield>
                            <fieldlabel>qmd_weighting</fieldlabel>
                            <fieldentry>1.000000000</fieldentry>
                        </qti_metadatafield>
                        <qti_metadatafield>
                            <fieldlabel>qmd_globalid</fieldlabel>
                            <fieldentry>25fb18ef-2013-4926-80e3-af09764958c3</fieldentry>
                        </qti_metadatafield>
                        <qti_metadatafield>
                            <fieldlabel>qmd_displayid</fieldlabel>
                        </qti_metadatafield>
                    </qtimetadata>
                </itemmetadata>
                <itemproc_extension>
                    <d2l_2p0:difficulty>1</d2l_2p0:difficulty>
                    <d2l_2p0:isbonus>no</d2l_2p0:isbonus>
                    <d2l_2p0:ismandatory>no</d2l_2p0:ismandatory>
                </itemproc_extension>
                <presentation>
                    <flow>

                        <material>
                            <mattext texttype="text/html">&lt;h1&gt;hi&lt;/h1&gt;var a: 2, var b: 2, Text Above Blank 1</mattext>
                        </material>

                        <response_str ident="BankGen_68676_Q_2_Blank_1_STR" rcardinality="Single">
                            <render_fib rows="1" columns="10" prompt="Box" fibtype="String">
                                <response_label ident="BankGen_68676_Q_2_Blank_1_ANS" />
                            </render_fib>
                        </response_str>

                        <material>
                            <mattext texttype="text/html">var a: 2 Text Above Blank 2</mattext>
                        </material>

                        <response_str ident="BankGen_68676_Q_2_Blank_2_STR" rcardinality="Single">
                            <render_fib rows="1" columns="10" prompt="Box" fibtype="String">
                                <response_label ident="BankGen_68676_Q_2_Blank_2_ANS" />
                            </render_fib>
                        </response_str>

                        <material>
                            <mattext texttype="text/html">var b: 2, Text Above Blank 3</mattext>
                        </material>

                        <response_str ident="BankGen_68676_Q_2_Blank_3_STR" rcardinality="Single">
                            <render_fib rows="1" columns="10" prompt="Box" fibtype="String">
                                <response_label ident="BankGen_68676_Q_2_Blank_3_ANS" />
                            </render_fib>
                        </response_str>

                    </flow>
                </presentation>
                <resprocessing>
                    <outcomes>
                        <decvar vartype="Integer" minvalue="0" maxvalue="100" varname="Blank_1" />
                        <decvar vartype="Integer" minvalue="0" maxvalue="100" varname="Blank_2" />
                        <decvar vartype="Integer" minvalue="0" maxvalue="100" varname="Blank_3" />

                    </outcomes>
                    <respcondition>
                        <conditionvar>
                            <varequal respident="BankGen_68676_Q_2_Blank_1_ANS" case="no">^\s*(?:-[1-3]|[0-7])(?:\.\d*)?\s*$</varequal>
                            <var_extension>
                                <d2l_2p0:answer_is_regexp>yes</d2l_2p0:answer_is_regexp>
                            </var_extension>
                        </conditionvar>
                        <setvar action="Set">33.333333333</setvar>
                    </respcondition>
                    <respcondition>
                        <conditionvar>
                            <varequal respident="BankGen_68676_Q_2_Blank_2_ANS" case="no">^\s*(?:1\.[5-9]|2\.[0-5])\d*\s*$</varequal>
                            <var_extension>
                                <d2l_2p0:answer_is_regexp>yes</d2l_2p0:answer_is_regexp>
                            </var_extension>
                        </conditionvar>
                        <setvar action="Set">33.333333333</setvar>
                    </respcondition>
                    <respcondition>
                        <conditionvar>
                            <varequal respident="BankGen_68676_Q_2_Blank_3_ANS" case="no">2</varequal>
                        </conditionvar>
                        <setvar action="Set">33.333333333</setvar>
                    </respcondition>
                </resprocessing>
            </item>

            <item d2l_2p0:id="4" ident="BankGen_68676_Q_3_Id" label="BankGen_68676_Q_3_Label" d2l_2p0:page="1" title="BankTitle 3">
                <itemmetadata>
                    <qtimetadata>
                        <qti_metadatafield>
                            <fieldlabel>qmd_computerscored</fieldlabel>
                            <fieldentry>yes</fieldentry>
                        </qti_metadatafield>
                        <qti_metadatafield>
                            <fieldlabel>qmd_questiontype</fieldlabel>
                            <fieldentry>Fill in the Blanks</fieldentry>
                        </qti_metadatafield>
                        <qti_metadatafield>
                            <fieldlabel>qmd_weighting</fieldlabel>
                            <fieldentry>1.000000000</fieldentry>
                        </qti_metadatafield>
                        <qti_metadatafield>
                            <fieldlabel>qmd_globalid</fieldlabel>
                            <fieldentry>25fb18ef-2013-4926-80e3-af09764958c3</fieldentry>
                        </qti_metadatafield>
                        <qti_metadatafield>
                            <fieldlabel>qmd_displayid</fieldlabel>
                        </qti_metadatafield>
                    </qtimetadata>
                </itemmetadata>
                <itemproc_extension>
                    <d2l_2p0:difficulty>1</d2l_2p0:difficulty>
                    <d2l_2p0:isbonus>no</d2l_2p0:isbonus>
                    <d2l_2p0:ismandatory>no</d2l_2p0:ismandatory>
                </itemproc_extension>
                <presentation>
                    <flow>

                        <material>
                            <mattext texttype="text/html">&lt;h1&gt;hi&lt;/h1&gt;var a: 3, var b: 3, Text Above Blank 1</mattext>
                        </material>

                        <response_str ident="BankGen_68676_Q_3_Blank_1_STR" rcardinality="Single">
                            <render_fib rows="1" columns="10" prompt="Box" fibtype="String">
                                <response_label ident="BankGen_68676_Q_3_Blank_1_ANS" />
                            </render_fib>
                        </response_str>

                        <material>
                            <mattext texttype="text/html">var a: 3 Text Above Blank 2</mattext>
                        </material>

                        <response_str ident="BankGen_68676_Q_3_Blank_2_STR" rcardinality="Single">
                            <render_fib rows="1" columns="10" prompt="Box" fibtype="String">
                                <response_label ident="BankGen_68676_Q_3_Blank_2_ANS" />
                            </render_fib>
                        </response_str>

                        <material>
                            <mattext texttype="text/html">var b: 3, Text Above Blank 3</mattext>
                        </material>

                        <response_str ident="BankGen_68676_Q_3_Blank_3_STR" rcardinality="Single">
                            <render_fib rows="1" columns="10" prompt="Box" fibtype="String">
                                <response_label ident="BankGen_68676_Q_3_Blank_3_ANS" />
                            </render_fib>
                        </response_str>

                    </flow>
                </presentation>
                <resprocessing>
                    <outcomes>
                        <decvar vartype="Integer" minvalue="0" maxvalue="100" varname="Blank_1" />
                        <decvar vartype="Integer" minvalue="0" maxvalue="100" varname="Blank_2" />
                        <decvar vartype="Integer" minvalue="0" maxvalue="100" varname="Blank_3" />

                    </outcomes>
                    <respcondition>
                        <conditionvar>
                            <varequal respident="BankGen_68676_Q_3_Blank_1_ANS" case="no">^\s*(?:-[12]|[0-8])(?:\.\d*)?\s*$</varequal>
                            <var_extension>
                                <d2l_2p0:answer_is_regexp>yes</d2l_2p0:answer_is_regexp>
                            </var_extension>
                        </conditionvar>
                        <setvar action="Set">33.333333333</setvar>
                    </respcondition>
                    <respcondition>
                        <conditionvar>
                            <varequal respident="BankGen_68676_Q_3_Blank_2_ANS" case="no">^\s*(?:2\.[5-9]|3\.[0-5])\d*\s*$</varequal>
                            <var_extension>
                                <d2l_2p0:answer_is_regexp>yes</d2l_2p0:answer_is_regexp>
                            </var_extension>
                        </conditionvar>
                        <setvar action="Set">33.333333333</setvar>
                    </respcondition>
                    <respcondition>
                        <conditionvar>
                            <varequal respident="BankGen_68676_Q_3_Blank_3_ANS" case="no">3</varequal>
                        </conditionvar>
                        <setvar action="Set">33.333333333</setvar>
                    </respcondition>
                </resprocessing>
            </item>

            <item d2l_2p0:id="5" ident="BankGen_68676_Q_4_Id" label="BankGen_68676_Q_4_Label" d2l_2p0:page="1" title="BankTitle 4">
                <itemmetadata>
                    <qtimetadata>
                        <qti_metadatafield>
                            <fieldlabel>qmd_computerscored</fieldlabel>
                            <fieldentry>yes</fieldentry>
                        </qti_metadatafield>
                        <qti_metadatafield>
                            <fieldlabel>qmd_questiontype</fieldlabel>
                            <fieldentry>Fill in the Blanks</fieldentry>
                        </qti_metadatafield>
                        <qti_metadatafield>
                            <fieldlabel>qmd_weighting</fieldlabel>
                            <fieldentry>1.000000000</fieldentry>
                        </qti_metadatafield>
                        <qti_metadatafield>
                            <fieldlabel>qmd_globalid</fieldlabel>
                            <fieldentry>25fb18ef-2013-4926-80e3-af09764958c3</fieldentry>
                        </qti_metadatafield>
                        <qti_metadatafield>
                            <fieldlabel>qmd_displayid</fieldlabel>
                        </qti_metadatafield>
                    </qtimetadata>
                </itemmetadata>
                <itemproc_extension>
                    <d2l_2p0:difficulty>1</d2l_2p0:difficulty>
                    <d2l_2p0:isbonus>no</d2l_2p0:isbonus>
                    <d2l_2p0:ismandatory>no</d2l_2p0:ismandatory>
                </itemproc_extension>
                <presentation>
                    <flow>

                        <material>
                            <mattext texttype="text/html">&lt;h1&gt;hi&lt;/h1&gt;var a: 4, var b: 4, Text Above Blank 1</mattext>
                        </material>

                        <response_str ident="BankGen_68676_Q_4_Blank_1_STR" rcardinality="Single">
                            <render_fib rows="1" columns="10" prompt="Box" fibtype="String">
                                <response_label ident="BankGen_68676_Q_4_Blank_1_ANS" />
                            </render_fib>
                        </response_str>

                        <material>
                            <mattext texttype="text/html">var a: 4 Text Above Blank 2</mattext>
                        </material>

                        <response_str ident="BankGen_68676_Q_4_Blank_2_STR" rcardinality="Single">
                            <render_fib rows="1" columns="10" prompt="Box" fibtype="String">
                                <response_label ident="BankGen_68676_Q_4_Blank_2_ANS" />
                            </render_fib>
                        </response_str>

                        <material>
                            <mattext texttype="text/html">var b: 4, Text Above Blank 3</mattext>
                        </material>

                        <response_str ident="BankGen_68676_Q_4_Blank_3_STR" rcardinality="Single">
                            <render_fib rows="1" columns="10" prompt="Box" fibtype="String">
                                <response_label ident="BankGen_68676_Q_4_Blank_3_ANS" />
                            </render_fib>
                        </response_str>

                    </flow>
                </presentation>
                <resprocessing>
                    <outcomes>
                        <decvar vartype="Integer" minvalue="0" maxvalue="100" varname="Blank_1" />
                        <decvar vartype="Integer" minvalue="0" maxvalue="100" varname="Blank_2" />
                        <decvar vartype="Integer" minvalue="0" maxvalue="100" varname="Blank_3" />

                    </outcomes>
                    <respcondition>
                        <conditionvar>
                            <varequal respident="BankGen_68676_Q_4_Blank_1_ANS" case="no">^\s*(?:-1|[0-9])(?:\.\d*)?\s*$</varequal>
                            <var_extension>
                                <d2l_2p0:answer_is_regexp>yes</d2l_2p0:answer_is_regexp>
                            </var_extension>
                        </conditionvar>
                        <setvar action="Set">33.333333333</setvar>
                    </respcondition>
                    <respcondition>
                        <conditionvar>
                            <varequal respident="BankGen_68676_Q_4_Blank_2_ANS" case="no">^\s*(?:3\.[5-9]|4\.[0-5])\d*\s*$</varequal>
                            <var_extension>
                                <d2l_2p0:answer_is_regexp>yes</d2l_2p0:answer_is_regexp>
                            </var_extension>
                        </conditionvar>
                        <setvar action="Set">33.333333333</setvar>
                    </respcondition>
                    <respcondition>
                        <conditionvar>
                            <varequal respident="BankGen_68676_Q_4_Blank_3_ANS" case="no">4</varequal>
                        </conditionvar>
                        <setvar action="Set">33.333333333</setvar>
                    </respcondition>
                </resprocessing>
            </item>

        </section>
    </objectbank>
</questestinterop>