﻿<?xml version="1.0" encoding="UTF-8"?><questestinterop><objectbank ident="QLIB_10011" xmlns:d2l_2p0="http://desire2learn.com/xsd/d2lcp_v2p0"><section d2l_2p0:id="1" ident="SECT_465202" title="first try"><sectionproc_extension><d2l_2p0:display_section_name>no</d2l_2p0:display_section_name><d2l_2p0:display_section_line>no</d2l_2p0:display_section_line><d2l_2p0:type_display_section>0</d2l_2p0:type_display_section></sectionproc_extension><item d2l_2p0:id="2" ident="OBJ_465203" label="QUES_187282_200070" d2l_2p0:page="1" title="Title1"><itemmetadata><qtimetadata><qti_metadatafield><fieldlabel>qmd_computerscored</fieldlabel><fieldentry>yes</fieldentry></qti_metadatafield><qti_metadatafield><fieldlabel>qmd_questiontype</fieldlabel><fieldentry>Short Answer</fieldentry></qti_metadatafield><qti_metadatafield><fieldlabel>qmd_weighting</fieldlabel><fieldentry>1.000000000</fieldentry></qti_metadatafield><qti_metadatafield><fieldlabel>qmd_globalid</fieldlabel><fieldentry>b51230b9-f076-4420-8240-a674ddf6dd33</fieldentry></qti_metadatafield><qti_metadatafield><fieldlabel>qmd_displayid</fieldlabel><fieldentry>mckinneyj-11</fieldentry></qti_metadatafield></qtimetadata></itemmetadata><itemproc_extension><d2l_2p0:difficulty>1</d2l_2p0:difficulty><d2l_2p0:isbonus>no</d2l_2p0:isbonus><d2l_2p0:ismandatory>no</d2l_2p0:ismandatory></itemproc_extension><presentation><flow><material><mattext texttype="text/plain">Put this code in the file checker kz4Kj</mattext></material><response_str ident="QUES_187282_200070_A606176_STR" rcardinality="Single"><render_fib rows="1" columns="20" prompt="Box" fibtype="String"><response_label ident="QUES_187282_200070_A606176_ANS" /></render_fib></response_str></flow></presentation><resprocessing><outcomes><decvar vartype="Integer" minvalue="0" maxvalue="100" varname="Blank_1" /></outcomes><respcondition><conditionvar><varequal respident="QUES_187282_200070_A606176_ANS" case="no">Titlekz4Kj100UgotHashed</varequal></conditionvar><setvar action="Set">100.000000000</setvar></respcondition><respcondition><conditionvar><varequal respident="QUES_187282_200070_A606176_ANS" case="no">Titlekz4Kj90UgotHashed</varequal></conditionvar><setvar action="Set">90.000000000</setvar></respcondition><respcondition><conditionvar><varequal respident="QUES_187282_200070_A606176_ANS" case="no">Titlekz4Kj80UgotHashed</varequal></conditionvar><setvar action="Set">80.000000000</setvar></respcondition></resprocessing></item><item d2l_2p0:id="3" ident="OBJ_465204" label="QUES_187283_200071" d2l_2p0:page="1" title="Title2"><itemmetadata><qtimetadata><qti_metadatafield><fieldlabel>qmd_computerscored</fieldlabel><fieldentry>yes</fieldentry></qti_metadatafield><qti_metadatafield><fieldlabel>qmd_questiontype</fieldlabel><fieldentry>Short Answer</fieldentry></qti_metadatafield><qti_metadatafield><fieldlabel>qmd_weighting</fieldlabel><fieldentry>1.000000000</fieldentry></qti_metadatafield><qti_metadatafield><fieldlabel>qmd_globalid</fieldlabel><fieldentry>e9114c00-3bd8-4065-b697-6ebd987223bd</fieldentry></qti_metadatafield><qti_metadatafield><fieldlabel>qmd_displayid</fieldlabel><fieldentry>mckinneyj-12</fieldentry></qti_metadatafield></qtimetadata></itemmetadata><itemproc_extension><d2l_2p0:difficulty>1</d2l_2p0:difficulty><d2l_2p0:isbonus>no</d2l_2p0:isbonus><d2l_2p0:ismandatory>no</d2l_2p0:ismandatory></itemproc_extension><presentation><flow><material><mattext texttype="text/plain">Put this code in the file checker kxA4b</mattext></material><response_str ident="QUES_187283_200071_A606177_STR" rcardinality="Single"><render_fib rows="1" columns="20" prompt="Box" fibtype="String"><response_label ident="QUES_187283_200071_A606177_ANS" /></render_fib></response_str></flow></presentation><resprocessing><outcomes><decvar vartype="Integer" minvalue="0" maxvalue="100" varname="Blank_1" /></outcomes><respcondition><conditionvar><varequal respident="QUES_187283_200071_A606177_ANS" case="no">TitlekxA4b100UgotHashed</varequal></conditionvar><setvar action="Set">100.000000000</setvar></respcondition><respcondition><conditionvar><varequal respident="QUES_187283_200071_A606177_ANS" case="no">TitlekxA4b90UgotHashed</varequal></conditionvar><setvar action="Set">90.000000000</setvar></respcondition><respcondition><conditionvar><varequal respident="QUES_187283_200071_A606177_ANS" case="no">TitlekxA4b80UgotHashed</varequal></conditionvar><setvar action="Set">80.000000000</setvar></respcondition></resprocessing></item></section></objectbank></questestinterop>