﻿<?xml version="1.0" encoding="UTF-8"?><questestinterop xmlns:d2l_2p0="http://desire2learn.com/xsd/d2lcp_v2p0"><assessment d2l_2p0:id="1" title="testOutput" ident="res_quiz_141030"><rubric><flow_mat><material><mattext d2l_2p0:isdisplayed="no" texttype="text/html" /></material></flow_mat></rubric><assessmentcontrol hintswitch="no" solutionswitch="no" feedbackswitch="no" /><presentation_material><flow_mat><material label="page header"><mattext d2l_2p0:isdisplayed="no" texttype="text/html" /></material><material label="page footer"><mattext d2l_2p0:isdisplayed="no" texttype="text/html" /></material></flow_mat></presentation_material><assess_procextension><d2l_2p0:intro_message d2l_2p0:isdisplayed="no" texttype="text/html" /><d2l_2p0:disable_right_click>no</d2l_2p0:disable_right_click><d2l_2p0:disable_pager_access>no</d2l_2p0:disable_pager_access><is_active>no</is_active><d2l_2p0:date_start /><d2l_2p0:date_end /><d2l_2p0:date_due /><d2l_2p0:has_schedule_event>no</d2l_2p0:has_schedule_event><d2l_2p0:is_attempt_Rldb>no</d2l_2p0:is_attempt_Rldb><d2l_2p0:is_subview_Rldb>no</d2l_2p0:is_subview_Rldb><d2l_2p0:time_limit>120</d2l_2p0:time_limit><d2l_2p0:show_clock>no</d2l_2p0:show_clock><d2l_2p0:enforce_time_limit>no</d2l_2p0:enforce_time_limit><d2l_2p0:grace_period>5</d2l_2p0:grace_period><d2l_2p0:late_limit>0</d2l_2p0:late_limit><d2l_2p0:attempts_allowed>1</d2l_2p0:attempts_allowed><d2l_2p0:attempt_restrictions /><d2l_2p0:mark_calculation_type>1</d2l_2p0:mark_calculation_type><d2l_2p0:is_forward_only>no</d2l_2p0:is_forward_only></assess_procextension><assessfeedback><rubric><flow_mat><material><mattext texttype="no">Your quiz has been submitted successfully.</mattext></material></flow_mat></rubric><d2l_2p0:duration>0</d2l_2p0:duration><d2l_2p0:response_display_type_id>1</d2l_2p0:response_display_type_id><d2l_2p0:show_correct_answers>no</d2l_2p0:show_correct_answers><d2l_2p0:submission_restrictip>no</d2l_2p0:submission_restrictip><d2l_2p0:show_class_average>no</d2l_2p0:show_class_average><d2l_2p0:show_score_distribution>no</d2l_2p0:show_score_distribution></assessfeedback><section ident="CONTAINER_SECTION"><item ident="OBJ_2367126" label="QUES_757590_817729" d2l_2p0:page="1" title="JAM-Title"><itemmetadata><qtimetadata><qti_metadatafield><fieldlabel>qmd_computerscored</fieldlabel><fieldentry>yes</fieldentry></qti_metadatafield><qti_metadatafield><fieldlabel>qmd_questiontype</fieldlabel><fieldentry>Fill in the Blanks</fieldentry></qti_metadatafield><qti_metadatafield><fieldlabel>qmd_weighting</fieldlabel><fieldentry>23.000000000</fieldentry></qti_metadatafield><qti_metadatafield><fieldlabel>qmd_globalid</fieldlabel><fieldentry>6cfdbf74-e327-4515-905c-e2ef0ffdb06a</fieldentry></qti_metadatafield><qti_metadatafield><fieldlabel>qmd_displayid</fieldlabel><fieldentry>mckinneyj-82</fieldentry></qti_metadatafield></qtimetadata></itemmetadata><itemproc_extension><d2l_2p0:difficulty>1</d2l_2p0:difficulty><d2l_2p0:isbonus>no</d2l_2p0:isbonus><d2l_2p0:ismandatory>no</d2l_2p0:ismandatory></itemproc_extension><presentation><flow><material><mattext texttype="text/html">JAM-Text1</mattext></material><response_str ident="QUES_757590_817729_A2594394_STR" rcardinality="Single"><render_fib rows="1" columns="30" prompt="Box" fibtype="String"><response_label ident="QUES_757590_817729_A2594394_ANS" /></render_fib></response_str><material><mattext texttype="text/html">JAM-text2</mattext></material><response_str ident="QUES_757590_817729_A2594396_STR" rcardinality="Single"><render_fib rows="1" columns="30" prompt="Box" fibtype="String"><response_label ident="QUES_757590_817729_A2594396_ANS" /></render_fib></response_str></flow></presentation><hint><hintmaterial><flow_mat><material><mattext texttype="text/html">&lt;p&gt;JAM-Hint&lt;/p&gt;</mattext></material></flow_mat></hintmaterial></hint><resprocessing><outcomes><decvar vartype="Integer" minvalue="0" maxvalue="100" varname="Blank_1" /><decvar vartype="Integer" minvalue="0" maxvalue="100" varname="Blank_2" /></outcomes><respcondition><conditionvar><varequal respident="QUES_757590_817729_A2594394_ANS" case="no">JAM-blank1-regex</varequal><var_extension><d2l_2p0:answer_is_regexp>yes</d2l_2p0:answer_is_regexp></var_extension></conditionvar><setvar action="Set">50.000000000</setvar></respcondition><respcondition><conditionvar><varequal respident="QUES_757590_817729_A2594396_ANS" case="no">JAM-blank2-noregex</varequal></conditionvar><setvar action="Set">50.000000000</setvar></respcondition></resprocessing><itemfeedback ident="QUES_757590_817729"><material><mattext texttype="text/html">&lt;p&gt;JAM-Feedback&lt;/p&gt;</mattext></material></itemfeedback></item><item ident="OBJ_2367127" label="QUES_757591_817730" d2l_2p0:page="1" title="JAM-Title2"><itemmetadata><qtimetadata><qti_metadatafield><fieldlabel>qmd_computerscored</fieldlabel><fieldentry>yes</fieldentry></qti_metadatafield><qti_metadatafield><fieldlabel>qmd_questiontype</fieldlabel><fieldentry>Fill in the Blanks</fieldentry></qti_metadatafield><qti_metadatafield><fieldlabel>qmd_weighting</fieldlabel><fieldentry>15.000000000</fieldentry></qti_metadatafield><qti_metadatafield><fieldlabel>qmd_globalid</fieldlabel><fieldentry>71089e49-f6b5-4af2-9a99-964ca0a5e3cc</fieldentry></qti_metadatafield><qti_metadatafield><fieldlabel>qmd_displayid</fieldlabel><fieldentry>mckinneyj-86</fieldentry></qti_metadatafield></qtimetadata></itemmetadata><itemproc_extension><d2l_2p0:difficulty>1</d2l_2p0:difficulty><d2l_2p0:isbonus>no</d2l_2p0:isbonus><d2l_2p0:ismandatory>no</d2l_2p0:ismandatory></itemproc_extension><presentation><flow><material><mattext texttype="text/html">JAM-Text1-2</mattext></material><response_str ident="QUES_757591_817730_A2594398_STR" rcardinality="Single"><render_fib rows="1" columns="30" prompt="Box" fibtype="String"><response_label ident="QUES_757591_817730_A2594398_ANS" /></render_fib></response_str><material><mattext texttype="text/html">JAM-text2-2</mattext></material><response_str ident="QUES_757591_817730_A2594400_STR" rcardinality="Single"><render_fib rows="1" columns="30" prompt="Box" fibtype="String"><response_label ident="QUES_757591_817730_A2594400_ANS" /></render_fib></response_str></flow></presentation><hint><hintmaterial><flow_mat><material><mattext texttype="text/html">&lt;p&gt;JAM-Hint-2&lt;/p&gt;</mattext></material></flow_mat></hintmaterial></hint><resprocessing><outcomes><decvar vartype="Integer" minvalue="0" maxvalue="100" varname="Blank_1" /><decvar vartype="Integer" minvalue="0" maxvalue="100" varname="Blank_2" /></outcomes><respcondition><conditionvar><varequal respident="QUES_757591_817730_A2594398_ANS" case="no">JAM-blank1-regex-2</varequal><var_extension><d2l_2p0:answer_is_regexp>yes</d2l_2p0:answer_is_regexp></var_extension></conditionvar><setvar action="Set">50.000000000</setvar></respcondition><respcondition><conditionvar><varequal respident="QUES_757591_817730_A2594400_ANS" case="no">JAM-blank2-noregex-2</varequal></conditionvar><setvar action="Set">50.000000000</setvar></respcondition></resprocessing><itemfeedback ident="QUES_757591_817730"><material><mattext texttype="text/html">&lt;p&gt;JAM-Feedback-2&lt;/p&gt;</mattext></material></itemfeedback></item></section></assessment></questestinterop>