<?xml version="1.0" encoding="UTF-8"?>
	<questestinterop>
		<objectbank ident="QLIB_53767" xmlns:d2l_2p0="http://desire2learn.com/xsd/d2lcp_v2p0">
			<section d2l_2p0:id="1" ident="SECT_1858833" title="{{unit 3}}">
				<sectionproc_extension>
					<d2l_2p0:display_section_name>no</d2l_2p0:display_section_name>
					<d2l_2p0:display_section_line>no</d2l_2p0:display_section_line>
					<d2l_2p0:type_display_section>0</d2l_2p0:type_display_section>
				</sectionproc_extension>
				<item d2l_2p0:id="2" ident="OBJ_1858834" label="QUES_571490_611497" d2l_2p0:page="1" title="{{QuestionName}} . 1">
					<itemmetadata>
						<qtimetadata>
							<qti_metadatafield>
								<fieldlabel>qmd_computerscored</fieldlabel>
								<fieldentry>yes</fieldentry>
							</qti_metadatafield>
							<qti_metadatafield>
								<fieldlabel>qmd_questiontype</fieldlabel>
								<fieldentry>Fill in the Blanks</fieldentry>
							</qti_metadatafield>
							<qti_metadatafield>
								<fieldlabel>qmd_weighting</fieldlabel>
								<fieldentry>1.000000000</fieldentry>
							</qti_metadatafield>
							<qti_metadatafield>
								<fieldlabel>qmd_globalid</fieldlabel>
								<fieldentry>25fb18ef-2013-4926-80e3-af09764958c3</fieldentry>
							</qti_metadatafield>
							<qti_metadatafield>
								<fieldlabel>qmd_displayid</fieldlabel>
							</qti_metadatafield>
						</qtimetadata>
					</itemmetadata>
					<itemproc_extension>
						<d2l_2p0:difficulty>1</d2l_2p0:difficulty>
						<d2l_2p0:isbonus>no</d2l_2p0:isbonus>
						<d2l_2p0:ismandatory>no</d2l_2p0:ismandatory>
					</itemproc_extension>

					<presentation>
						<flow>
							<material>
								<mattext texttype="text/html">&lt;p&gt;&lt;img src={{imagesource}} /&gt;&lt;/p&gt; &lt;p&gt;{{questionContent}}{{variables}}</mattext>
							</material>
							<response_str ident="QUES_571490_611497_A1860052_STR" rcardinality="Single">
								<render_fib rows="1" columns="10" prompt="Box" fibtype="String">
									<response_label ident="QUES_571490_611497_A1860052_ANS" />
								</render_fib>
							</response_str>
						</flow>
					</presentation>
					<resprocessing>
						<outcomes>
							<decvar vartype="Integer" minvalue="0" maxvalue="100" varname="Blank_1" />
						</outcomes>
						<respcondition>
							<conditionvar>
								<varequal respident="QUES_571490_611497_A1860052_ANS" case="no">{{answer}}</varequal>
								<var_extension>
									<d2l_2p0:answer_is_regexp>yes</d2l_2p0:answer_is_regexp>
								</var_extension>
							</conditionvar>
							<setvar action="Set">{{percent}}</setvar>
						</respcondition>
					</resprocessing>
				</item>
			</section>
		</objectbank>
	</questestinterop>
